dayname,type,lesson1,lesson2,gospel,psalm,s2lesson,s2gospel,s3lesson,s3gospel,hymnabc,hymn,note
St. Thomas the Apostle,historic,,Eph. 1:3-6,John 19:24-31,,,,,,,,
"St. John, Apostle and Evangelist",historic,,1 John 1:1-10,John 21:19-24,,,,,,,,
St. Mark the Evangelist,historic,,Eph. 4:7-16,Luke 10:1-9,,,,,,,,
St. Stephen the Martyr,historic,,Acts 6:8-15; 7:54-60,Matt. 23:34-39,,,,,,,,
Trinity,ilcwb,Dt. 6:4-9,Rom. 8:14-17,Jn. 3:1-17,96,,,,,38,403,
Trinity,ilcwc,Prov. 8:22-31,Rom. 5:1-5,Jn. 16:12-15,8,,,,,38,405,
Trinity,historic,Ezek. 18:30-32,Rom. 11:33-36,John 3:1-15,8,1 Jn. 3:1-10,John 15:12-17,Titus 3:3-7,Matt. 28:16-20,,,
Trinity,ilcwa,Gen. 1:1-2:3,2 Co. 13:11-14,Mt. 28:16-20,135,,,,,38,18,
Pentecost 4,ilcwb,Ezek. 17:22-24,2 Co. 5:1-10,Mk. 4:26-34,92:1-15,,,,,20,483,
Pentecost 4,ilcwc,2 Sm. 11:26-12:15,Gal. 2:11-21,Lk. 7:36-50,32,,,,,20,522,
Pentecost 4,ilcwa,Ex. 19:2-8a,Rom. 5:6-11,Mt. 9:35-10:8,100,,,,,20,202,
Pentecost 5,ilcwb,Job 38:1-11,2 Co. 5:14-21,Mk. 4:35-41,107,,,,,439,209,
Pentecost 5,ilcwc,Zech. 12:7-10,Gal. 3:23-29,Lk. 9:18-24,119:41ff,,,,,439,422,
Pentecost 5,ilcwa,Jer. 20:7-13,Rom. 5:12-15,Mt. 10:24-33,91,,,,,439,174,
Second Last,ilcwb,Dan. 7:9-10,Heb. 12:1-2,Mk. 13:24-31,111,,,,,534,537,
Second Last,ilcwc,Jer. 8:4-7,2 Co. 5:1-10,Lk. 19:11-27,92:1-8,,,,,534,537,
Second Last,historic,Is. 40:9-11,2 Th. 1:3-10,Matt. 25:31-46,50,1 Cor. 15:22-28,Matt. 11:25-30,Heb. 4:9-13,John 5:22-29,,,
Second Last,ilcwa,Jer. 25:30-32,1 Thes. 1:3-10,Mt. 25:31-46,105:1-7,,,,,534,537,
Pentecost 7,ilcwb,Ezek. 2:1-5,2 Co. 12:7-10,Mk. 6:1-6,143:1-8,,,,,437,503,
Pentecost 7,ilcwc,Is. 66:10-14,Gal. 6:1-16,Lk. 10:1-20,19,,,,,437,505,
Pentecost 7,ilcwa,Zech. 9:9-12,Rom. 7:15-25a,Mt. 11:25-30,119:137ff,,,,,437,413,
Pentecost 2,ilcwb,Dt. 5:12-15,2 Co. 4:5-12,Mk. 2:23-28,142,,,,,33,485,
Pentecost 2,ilcwc,1 Kg. 8:41-43,Gal. 1:1-10,Lk. 7:1-10,117,,,,,33,460,
Pentecost 2,ilcwa,Dt. 11:18-28,Rom. 3:21-28,Mt. 7:15-29,4,,,,,33,511,
Pentecost 3,ilcwb,Gn. 3:9-15,2 Co. 4:13-18,Mk. 3:20-35,28,,,,,257,252,
Pentecost 3,ilcwc,1 Kg. 17:17-24,Gal. 1:11-24,Lk. 7:11-17,116:1-9,,,,,257,423,
Pentecost 3,ilcwa,Hos. 5:15-6:6,Rom. 4:18-25,Mt. 9:9-13,119:65ff,,,,,257,451,
Pentecost 8,ilcwb,Amos 7:10-15,Eph. 1:3-14,Mk. 6:7-13,126,,,,,591,192,
Pentecost 8,ilcwc,Dt. 30:9-14,Col. 1:1-14,Lk. 10:25-37,25:1-10,,,,,591,459,
Pentecost 8,ilcwa,Is. 55:10-11,Rom. 8:18-25,Mt. 13:1-23,65,,,,,591,228,
Conversion of St. Paul,historic,,Acts 9:1-22,Matt. 19:27-30,,,,,,,,
Pentecost 16,ilcwb,Is. 35:4-7a,Jam. 1:17-27,Mk. 7:31-37,146,,,,,470,237,
Pentecost 16,ilcwc,Prov. 9:8-12,Philemon,Lk. 14:25-33,119:169ff,,,,,470,424,
Pentecost 16,ilcwa,Ezek. 33:7-9,Rom. 13:1-10,Mt. 18:15-20,119:113ff,,,,,470,506,
Pentecost 17,ilcwb,Is. 50:4-10,Jam. 2:1-18,Mk. 8:27-35,116:1-9,,,,,415,445,
Pentecost 17,ilcwc,Ex. 32:7-14,1 Tm. 1:12-17,Lk. 15:1-10,51:1-17,,,,,415,429,
Pentecost 17,ilcwa,Gn. 50:15-21,Rom. 14:5-9,Mt. 18:21-35,103:1-13,,,,,415,473,
Pentecost 14,ilcwb,Jos. 24:14-18,Eph. 5:21-31,Jn. 6:60-69,34:15-22,,,,,486,230,
Pentecost 14,ilcwc,Is. 66:18-23,Heb. 12:18-24,Lk. 13:22-30,117,,,,,486,200,
Pentecost 14,ilcwa,Ex. 6:2-8,Rom. 11:33-36,Mt. 16:13-20,138,,,,,486,211,
Pentecost 15,ilcwb,Dt. 4:1-8,Eph. 6:10-20,Mk. 7:1-23,119:129ff,,,,,418,518,
Pentecost 15,ilcwc,Prov. 25:6-7,Heb. 13:1-8,Lk. 14:7-14,119:161ff,,,,,418,458,
Pentecost 15,ilcwa,Jer. 15:15-21,Rom. 12:1-8,Mt. 16:21-26,119:105ff,,,,,418,422,
Pentecost 12,ilcwb,1 Kg. 19:4-8,Eph. 4:30-5:2,Jn. 6:41-51,34:1-8,,,,,361,266,
Pentecost 12,ilcwc,Gn. 15:1-6,Heb. 11:1-16,Lk. 12:32-40,50,,,,,361,229,
Pentecost 12,ilcwa,1 Kg. 19:9-18,Rom. 9:1-5,Mt. 14:22-33,28,,,,,361,46,
Pentecost 13,ilcwb,Prov. 9:1-6,Eph. 5:15-20,Jn. 6:51-58,34:9-14,,,,,411,262,
Pentecost 13,ilcwc,Jer. 23:23-29,Heb. 12:1-13,Lk. 12:49-53,119:81ff,,,,,411,477,
Pentecost 13,ilcwa,Is. 56:1-8,Rom. 11:13-32,Mt. 15:21-28,67,,,,,411,199,
Pentecost 10,ilcwb,Ex. 24:3-11,Eph. 4:1-16,Jn. 6:1-15,136,,,,,497,421,
Pentecost 10,ilcwc,Gn. 18:20-22,Col. 2:6-15,Lk. 11:1-3,138,,,,,497,383,
Pentecost 10,ilcwa,1 Kg. 3:5-12,Rom. 8:28-30,Mt. 13:44-52,119:129ff,,,,,497,263,
Pentecost 11,ilcwb,Ex. 16:2-15,Eph. 4:17-24,Jn. 6:24-35,119:89ff,,,,,468,214,
Pentecost 11,ilcwc,Eccl. 2:18-26,Col. 3:1-11,Lk. 12:13-21,100,,,,,468,535,
Pentecost 11,ilcwa,Is. 55:1-5,Rom. 8:35-39,Mt. 14:13-21,136,,,,,468,414,
Christmas second,ilcwb,Is. 62:10-12,Titus 3:4-7,Lk. 2:1-20,98,,,,,135,113,
Christmas second,ilcwc,Is. 62:10-12,Titus 3:4-7,Lk. 2:1-20,98,,,,,135,113,
Christmas second,historic,Micah 5:2-4,Titus 3:4-7,Luke 2:15-20,121,,,,,,,
Christmas second,ilcwa,Is. 62:10-12,Titus 3:4-7,Lk. 2:1-20,98,,,,,135,113,
Pentecost 18,ilcwb,Jer. 11:18-20,Jam. 3:16-4:6,Mk. 9:30-37,119:25ff,,,,,207,183,
Pentecost 18,ilcwc,Amos 8:4-7,1 Tm. 2:1-8,Lk. 16:1-13,119:33ff,,,,,207,446,
Pentecost 18,ilcwa,Is. 55:6-9,Phil. 1:1-27,Mt. 20:1-16,27:1-9,,,,,207,421,
New Year's Eve,ilcwb,Is. 51:1-6,Rom. 8:31-39,Mt. 1:18-21,8,,,,,160,572,
New Year's Eve,ilcwc,Is. 51:1-6,Rom. 8:31-39,Mt. 1:18-21,8,,,,,160,572,
New Year's Eve,historic,Is. 63:7-18,1 Pet. 1:22-25,Luke 13:6-10,90,,,,,,,
New Year's Eve,ilcwa,Is. 51:1-6,Rom. 8:31-39,Mt. 1:18-21,8,,,,,160,572,
Last,ilcwb,Is. 51:4-6,Jude 20-25,Mk. 13:32-37,130,,,,,544,61,
Last,ilcwc,Mal. 3:14-18,Rev. 22:6-13,Lk. 12:42-48,130,,,,,544,61,
Last,historic,Is. 65:17-19,1 Thes. 5:1-11,Matt. 25:1-13,45,,,,,,,
Last,ilcwa,Is. 65:17-25,2 Pet. 3:3-13,Mt. 25:1-13,130,,,,,544,543,
Epiphany 8,ilcwb,Hos. 2:14-20,2 Co. 3:1b-6,Mk. 2:18-22,103:1-13,,,,,372,486,
Epiphany 8,ilcwc,Jer. 7:1-7,1 Co. 15:51-58,Lk. 6:39-49,92,,,,,372,25,
Epiphany 8,ilcwa,Is. 49:13-18,1 Co. 4:1-13,Mt. 6:24-34,62,,,,,372,535,
St. Matthias the Apostle,historic,,Acts 1:15-26,Matt. 11:25-30,,,,,,,,
Sexagesima,historic,Is. 55:10-13,2 Co 11:19-12:9,Luke 8:4-15,44,1 Cor. 1:20-25,John 12:35-43,2 Tim. 3:14-4:5,Matt. 9:37-10:7,,,
St. Andrew the Apostle,historic,,Rom. 10:8-18,Matt. 4:18-22,,,,,,,,
St. Mary Magdalene,historic,Prov. 31:10-31,,Luke 7:36-50,,,,,,,,
All Saints' Day,ilcwb,Is. 26:1-21,Rev. 21:9-27,Mt. 5:1-12,34:1-10,,,,,554,553,
All Saints' Day,ilcwc,Is. 26:1-21,Rev. 21:9-27,Mt. 5:1-12,34:1-10,,,,,554,553,
All Saints' Day,historic,Is. 25:6-9,Rev. 7:2-12,Matt. 5:1-12,33,Rev. 7:13-17,Matt. 5:13-16,Rev. 22:1-7,Luke 6:20-26,,,
All Saints' Day,ilcwa,Is. 26:1-21,Rev. 21:9-27,Mt. 5:1-12,34:1-10,,,,,554,553,
Presentation of our Lord,ilcwb,1 Sm. 1:21-28,Heb. 2:14-18,Lk. 2:22-40,84,,,,,48,151,
Presentation of our Lord,ilcwc,1 Sm. 1:21-28,Heb. 2:14-18,Lk. 2:22-40,84,,,,,48,151,
Presentation of our Lord,historic,Mal. 3:1-4,Heb. 2:14-18,Luke 2:22-40,84,,,,,,,
Presentation of our Lord,ilcwa,1 Sm. 1:21-28,Heb. 2:14-18,Lk. 2:22-40,84,,,,,48,151,
Good Friday,ilcwb,Is. 52:13-53:12,Heb. 4:14-5:9,Jn. 18:1-19:42,22:1-14,,,,,298,334,
Good Friday,ilcwc,Is. 52:13-53:12,Heb. 4:14-5:9,Jn. 18:1-19:42,22:1-14,,,,,298,334,
Good Friday,historic,Is. 52:13-53:12,Heb. 10:1-25,John 18:1-19:42,22,,,,,,,
Good Friday,ilcwa,Is. 52:13-53:12,Heb. 4:14-5:9,Jn. 18:1-19:42,22:1-14,,,,,298,334,
Quinquagesima,historic,Is. 35:3-7,1 Co. 13:1-13,Lk. 18:31-43,31,1 Pt. 3:18-22,Jn. 12:23-36,,,,,
Pentecost 6,ilcwb,Lam. 3:22-33,2 Co. 8:1-14,Mk. 5:24b-34,121,,,,,527,525,
Pentecost 6,ilcwc,1 Kg. 19:14-21,Gal. 5:13-25,Lk. 9:51-62,16,,,,,527,236,
Pentecost 6,ilcwa,Jer. 28:5-9,Rom. 6:1b-11,Mt. 10:34-42,119:153ff,,,,,527,424,
Ash Wednesday,ilcwb,Joel 2:12-19,2 Co. 5:20b-6:2,"Mt. 6:1-6,16-21",51:1-13,,,,,452,493,
Ash Wednesday,ilcwc,Joel 2:12-19,2 Co. 5:20b-6:2,"Mt. 6:1-6,16-21",51:1-13,,,,,452,493,
Ash Wednesday,historic,Joel 2:12-19,2 Cor. 5:20-6:10,Matt. 6:16-21,51,1 Jn. 1:5-9,Luke 6:20-49,,,,,
Ash Wednesday,ilcwa,Joel 2:12-19,2 Co. 5:20b-6:2,"Mt. 6:1-6,16-21",51:1-13,,,,,452,493,
"St. Matthew, Apostle and Evangelist",historic,,Eph. 4:7-14,Matt. 9:9-13,,,,,,,,
Trinity 18,historic,Deut. 10:12-21,1 Cor. 1:4-9,Matt. 22:34-46,"117, 122",Rom. 10:1-13,John 10:23-38,1 Jn. 2:7-17,Mark 10:17-27,,,
Trinity 19,historic,Is. 44:21-23,Eph. 4:22-28,Matt. 9:1-8,"35, 78",Rom. 10:14-21,John 9:1-11,Col. 3:1-10,Luke 13:10-17,,,
Michaelmas 2,historic,Is. 44:21-23,Eph. 4:22-28,Matt. 9:1-8,"35, 78",Rom. 10:14-21,John 9:1-11,Col. 3:1-10,Luke 13:10-17,,,
St. James of Jerusalem,historic,,Rom. 8:28-39,Matt. 20:20-28,,,,,,,,
Trinity 12,historic,Is. 29:18-19,2 Cor. 3:4-11,Mark 7:31-37,70,Rom. 7:1-6,Matt. 12:33-37,1 Cor. 2:9-16,John 9:24-38,,,
Trinity 13,historic,Lev. 18:1-5,Gal. 3:15-22,Luke 10:23-37,74,Rom. 7:7-25,Matt. 5:43-48,1 Cor. 13:1-13,John 13:34-35,,,
Trinity 10,historic,Jer. 7:1-7,1 Cor. 12:1-11,Luke 19:41-48,55,Rom. 5:12-21,Matt. 11:16-24,Heb. 3:12-4:1,John 6:66-71,,,
Trinity 11,historic,2 Sm. 22:21-29,1 Cor. 15:1-10,Luke 18:9-14,68,Rom. 6:1-23,Matt. 21:28-31,1 Jn. 1:8-2:2,Matt. 23:1-12,,,
Trinity 16,historic,Deut. 32:39-40,Eph. 3:13-21,Luke 7:11-17,"102, 115",Rom. 9:1-13,John 11:19-29,Phil. 1:20-26,John 11:32-45,,,
Trinity 17,historic,1 Sm. 2:1-10,Eph. 4:1-6,Luke 14:1-11,119:124ff,Rom. 9:14-23,Mark 2:18-28,Gal. 5:1-14,Matt. 18:1-7,,,
Trinity 14,historic,Jer. 17:13-14,Gal. 5:16-24,Luke 17:11-19,"92, 65",Rom. 8:1-17,John 5:1-14,Rev. 3:1-6,Luke 4:23-30,,,
Trinity 15,historic,Deut. 6:4-7,Gal. 5:25-6:10,Matt. 6:24-34,"86, 108",Rom. 8:18-39,Luke 10:38-42,1 Cor. 7:29-31,Matt. 6:19-23,,,
Trinity 8,historic,Jer. 15:19-21,Rom. 8:12-17,Matt. 7:15-23,48,Rom. 4:9-25,Matt. 7:12-14,1 Jn. 4:1-6,Mark 7:5-16,,,
Trinity 9,historic,1 Ch. 29:10-13,1 Cor. 10:6-13,Luke 16:1-9,54,Rom. 5:1-11,Luke 12:42-48,2 Thes. 3:10-13,Luke 16:10-17,,,
Monday of Holy Week,historic,,Is. 50:5-10,John 12:1-23,6,,,,,,,
Trinity 1,historic,Jer. 9:23-24,1 Jn. 4:16-21,Luke 16:19-31,13,Rom. 1:1-17,Luke 12:13-21,1 Tim. 6:6-16,Matt. 16:24-27,,,
Trinity 2,historic,Is. 25:6-9,1 Jn. 3:13-18,Luke 14:16-24,120,Rom. 1:18-25,Luke 14:25-35,2 Pet. 1:1-11,Luke 9:51-62,,,
Trinity 3,historic,Micah 7:18-20,1 Pet. 5:6-11,Luke 15:1-10,25,Rom. 2:1-16,Luke 15:11-24,Eph. 2:1-9,Matt. 9:9-13,,,
Trinity 4,historic,Is. 58:6-12,Rom. 8:18-23,Luke 6:36-42,79,Rom. 2:17-29,Matt. 5:38-42,Rom. 14:1-12,Matt. 7:1-6,,,
Trinity 5,historic,Jer. 16:14-21,1 Pet. 3:8-15,Luke 5:1-11,21,Rom. 3:1-20,John 1:35-52,Acts 26:1-18,Matt. 16:13-19,,,
Trinity 6,historic,Ex. 20:1-17,Rom. 6:3-11,Matt. 5:20-26,28,Rom. 3:21-31,Matt. 5:17-19,James 2:8-17,Matt. 5:27-37,,,
Trinity 7,historic,Jer. 31:23-25,Rom. 6:19-23,Mark 8:1-9,34,Rom. 4:1-8,Matt. 16:5-12,Ps. 23:1-6,Luke 14:12-15,,,
Third Last,ilcwb,Dan. 12:1-3,Heb. 12:26-29,Mk. 13:1-13,16,,,,,538,536,
Third Last,ilcwc,Ex. 32:15-20,2 Thes. 3:1-5,Lk. 17:20-30,98,,,,,538,536,
Third Last,historic,Is. 49:12-17,1 Th. 4:13-18,Matt. 24:15-28,74,2 Thes. 2:1-12,Matt. 25:1-13,1 Thes. 5:1-10,Matt. 24:35-44,,,
Michaelmas 8,historic,Is. 49:12-17,1 Th. 4:13-18,Matt. 24:15-28,74,2 Thes. 2:1-12,Matt. 25:1-13,1 Thes. 5:1-10,Matt. 24:35-44,,,
Third Last,ilcwa,Job. 14:1-5,1 Thes. 3:11-13,Mt. 24:15-28,90:1-12,,,,,538,536,
Circumcision and Name of Jesus,ilcwb,Nm. 6:22-27,Rom. 1:1-7,Lk. 2:21,8,,,,,159,156,
Circumcision and Name of Jesus,ilcwc,Nm. 6:22-27,Rom. 1:1-7,Lk. 2:21,8,,,,,159,156,
Circumcision and Name of Jesus,historic,Is. 55:1-13,Gal. 3:23-29,Luke 2:21,8,Heb. 13:8-15,John 1:16-18,Ac. 4:8-12,Luke 13:6-9,,,
Circumcision and Name of Jesus,ilcwa,Nm. 6:22-27,Rom. 1:1-7,Lk. 2:21,8,,,,,159,156,
Pentecost,ilcwb,Ezek. 37:1-14,Ac. 2:22-36,Jn. 7:37-39a,143,,,,,2,10,
Pentecost,ilcwc,Gn. 11:1-9,Ac. 2:37-47,Jn. 15:26-16:11,143,,,,,2,10,
Pentecost,historic,Joel 2:28-32,Acts 2:1-11,John 14:23-31,104,Eph 2:17-22,John 15:1-11,Acts 2:32-41,John 14:15-21,,,
Pentecost,ilcwa,Joel 2:28-29,Acts 2:1-21,Jn. 16:5-11,143,,,,,2,10,
Pentecost 9,ilcwb,Jer. 23:1-6,Eph. 2:13-22,Mk. 6:30-34,23,,,,,465,326,
Pentecost 9,ilcwc,Gn. 18:1-14,Co. 1:21-28,Lk. 10:38-42,27,,,,,465,182,
Pentecost 9,ilcwa,Is. 44:6-8,Rom. 8:26-27,Mt. 13:24-30,119:57ff,,,,,465,25,
"St. Bartholemew, Apostle",historic,,2 Cor. 4:7-10,Luke 22:24-30,,,,,,,,
Christmas Vigil,ilcwb,Is. 9:2-7,Titus 2:11-14,Lk. 2:1-20,96,,,,,123,143,
Christmas Vigil,ilcwc,Is. 9:2-7,Titus 2:11-14,Lk. 2:1-20,96,,,,,123,143,
Christmas Vigil,historic,Is. 7:10-14,Titus 2:11-14,Luke 2:1-14,2,,,,,,,
Christmas Vigil,ilcwa,Is. 9:2-7,Titus 2:11-14,Lk. 2:1-20,96,,,,,123,143,
Easter Vigil,ilcwb,Dan. 3:13-29,1 Pet. 3:17-22,Mt. 27:57-66,,,,,,341,344,
Easter Vigil,ilcwc,Dan. 3:13-29,1 Pet. 3:17-22,Mt. 27:57-66,,,,,,341,344,
Easter Vigil,historic,Ex. 14:10-15:1,Rom. 6:3-11,Matt. 28:1-10,46,,,,,,,
Easter Vigil,ilcwa,Dan. 3:13-29,1 Pet. 3:17-22,Mt. 27:57-66,,,,,,341,344,
Palm Sunday,ilcwb,Zech. 9:9-10,Phil. 2:5-11,Mk. 15:1-39,92,,,,,280,277,
Palm Sunday,ilcwc,Dt. 32:36-39,Phil. 2:5-11,Lk. 23:1-49,92,,,,,280,277,
Palm Sunday,historic,Zech. 9:9-10,Phil. 2:5-11,Matt. 21:1-11,22,Is. 42:10-12,John 12:1-16,Is. 53:10-12,John 12:20-33,,,
Palm Sunday,ilcwa,Is. 50:4-9b,Phil. 2:5-11,Mt. 27:11-54,92,,,,,280,277,
Wednesday of Holy Week,historic,,Is. 62:11-63:7,Luke 22:1-23:42,51,,,,,,,
Michaelmas,ilcwb,Dan. 12:1-3,Rev. 12:7-12,Lk. 10:17-20,103:1-22,,,,,545,548,
Michaelmas,ilcwc,Dan. 12:1-3,Rev. 12:7-12,Lk. 10:17-20,103:1-22,,,,,545,548,
Michaelmas,historic,Gen. 28:10-22,Rev. 12:7-12,Matt. 18:1-11,103,,,,,,,
Michaelmas,ilcwa,Dan. 12:1-3,Rev. 12:7-12,Lk. 10:17-20,103:1-22,,,,,545,548,
Annunciation,ilcwb,Is. 7:10-14,1 Tim. 3:16,Lk. 1:25-38,45,,,,,268,269,
Annunciation,ilcwc,Is. 7:10-14,1 Tim. 3:16,Lk. 1:25-38,45,,,,,268,269,
Annunciation,historic,Is. 7:10-15,Heb. 10:5-10,Luke 1:26-38,40,Jer. 33:14-17,Luke 1:39-45,Rev. 21:1-7,Luke 1:46-55,,,
Annunciation,ilcwa,Is. 7:10-14,1 Tim. 3:16,Lk. 1:25-38,45,,,,,268,269,
Advent 2,ilcwb,Is. 40:1-11,2 Pet. 3:8-14,Mk. 1:1-8,19,,,,,106,102,
Advent 2,ilcwc,Mal. 3:1-4,Phil. 1:3-11,Lk. 3:1-6,126,,,,,106,101,
Advent 2,historic,Micah 4:1-7,Rom. 15:4-13,Luke 21:25-36,80,Heb. 10:35-39,Luke 12:35-40,Is. 11:1-5,Luke 17:20-30,,,
Advent 2,ilcwa,Is. 11:1-10,Rom. 15:4-13,Mt. 3:1-12,72:1-14,,,,,106,91,
Advent 3,ilcwb,"Is. 61:1-3,10-11",1 Thes. 5:16-24,Jn. 1:19-28,Lk. 1:46-55,,,,,105,94,
Advent 3,ilcwc,Zeph. 3:14-18,Phil. 4:4-9,Lk. 3:7-18,Is. 12:2-6,,,,,105,104,
Advent 3,historic,Mal. 3:1-6,1 Cor. 4:1-5,Matt. 11:2-10,85,2 Pet. 1:19-21,Matt. 11:11-15,Mal. 3:1-4,Luke 3:1-6,,,
Advent 3,ilcwa,Is. 35:1-10,Jam. 5:7-10,Mt. 11:2-11,146,,,,,105,109,
Advent 1,ilcwb,Is. 63:16b-64:8,1 Co. 1:3-9,Mk. 13:33-37,98,,,,,90,97,
Advent 1,ilcwc,Jer. 33:14-16,1 Thes. 3:9-13,Lk. 21:25-36,25:1-9,,,,,90,98,
Advent 1,historic,Jer. 33:14-18,Rom. 13:11-14,Matt. 21:1-9,25,Rev. 3:20-22,John 18:33-37,Jer. 31:31-34,Luke 4:16-22,,,
Advent 1,ilcwa,Is. 2:1-5,Rom. 13:11-14,Mt. 24:37-44,50:1-15,,,,,90,96,
Advent 4,ilcwb,2 Sm. 7:1-11,Rom. 16:25-27,Lk. 1:26-28,98,,,,,110,108,
Advent 4,ilcwc,Mic. 5:2-4,Heb. 10:5-10,Lk. 1:39-55,96,,,,,110,47,
Advent 4,historic,Is. 40:1-8,Phil. 4:4-7,John 1:19-28,19,1 Jn 1:1-7,John 3:22-36,1 Pet. 1:10-13,John 5:31-39,,,
Advent 4,ilcwa,Is. 7:10-14,Rom. 1:1-7,Mt. 1:18-25,24,,,,,110,87,
Maundy Thursday,ilcwb,Ex. 24:3-11,1 Co. 10:16-21,Mk. 14:12-26,116:12-19,,,,,329,321,
Maundy Thursday,ilcwc,Jer. 31:31-34,Heb. 10:15-39,Lk. 22:7-20,116:12-19,,,,,329,321,
Maundy Thursday,historic,Ex. 12:1-14,1 Cor. 11:23-32,Luke 22:14-20,67,1 Co. 10:16-17,Matt. 26:17-29,Ac. 2:44-47,John 13:1-15,,,
Maundy Thursday,ilcwa,Ex. 12:1-14,1 Co. 11:17-32,Jn. 13:1-17,116:12-19,,,,,329,321,
Pentecost Vigil,ilcwb,Ex. 19:1-9,Rom. 8:14-27,Jn. 7:37-39a,98,,,,,399,438,
Pentecost Vigil,ilcwc,Ex. 19:1-9,Rom. 8:14-27,Jn. 7:37-39a,98,,,,,399,438,
Pentecost Vigil,historic,Ezek. 36:23-26,Acts 19:1-8,John 14:15-21,33,,,,,,,
Pentecost Vigil,ilcwa,Ex. 19:1-9,Rom. 8:14-27,Jn. 7:37-39a,98,,,,,399,438,
Epiphany,ilcwb,Is. 60:1-6,Eph. 3:2-12,Mt. 2:1-12,72,,,,,167,168,
Epiphany,ilcwc,Is. 60:1-6,Eph. 3:2-12,Mt. 2:1-12,72,,,,,167,168,
Epiphany,historic,Is. 60:1-6,Rom. 3:23-31,Matt. 2:1-12,72,1 Tim. 3:14-16,Matt. 4:13-17,Is. 49:1-6,Matt. 12:15-21,,,
Epiphany,ilcwa,Is. 60:1-6,Eph. 3:2-12,Mt. 2:1-12,72,,,,,167,168,
Pentecost second,ilcwb,Ezek. 36:22-28,Rev. 21:1-5,Mt. 28:16-20,,,,,,401,5,
Pentecost second,ilcwc,Ezek. 36:22-28,Rev. 21:1-5,Mt. 28:16-20,,,,,,401,5,
Pentecost second,historic,Is. 32:14-20,Acts 2:42-47,John 4:5-26,19,,,,,,,
Pentecost second,ilcwa,Ezek. 36:22-28,Rev. 21:1-5,Mt. 28:16-20,,,,,,401,5,
Festival of the Reformation,ilcwb,Jer. 31:31-34,Rom. 3:19-28,Jn. 8:31-36,46,,,,,250,227,
Festival of the Reformation,ilcwc,Jer. 31:31-34,Rom. 3:19-28,Jn. 8:31-36,46,,,,,250,227,
Festival of the Reformation,historic,2 Ch. 29:12-19,Rev. 14:6-7,Matt. 11:12-15,46,1 Sm. 3:19-4:1,John 8:31-46,,,,,
Festival of the Reformation,ilcwa,Jer. 31:31-34,Rom. 3:19-28,Jn. 8:31-36,46,,,,,250,227,
Holy Saturday,historic,Job 14:1-14,1 Pet. 4:1-8,Matt. 27:57-66,130,,,,,,,
Ascension,ilcwb,Ac. 1:1-11,Eph. 1:16-23,Lk. 24:44-53,110,,,,,389,388,
Ascension,ilcwc,Ac. 1:1-11,Eph. 1:16-23,Lk. 24:44-53,110,,,,,389,388,
Ascension,historic,Is. 57:15,Acts 1:1-11,Mark 16:14-20,47,Ps. 110:1-7,John 17:24-26,Eph. 4:7-10,Luke 24:44-53,,,
Ascension,ilcwa,Ac. 1:1-11,Eph. 1:16-23,Lk. 24:44-53,110,,,,,389,388,
Pentecost 19,ilcwb,Nm. 11:4-29,Jam. 4:7-12,Mk. 9:38-50,135:1-14,,,,,220,219,
Pentecost 19,ilcwc,Amos 6:1-7,1 Tm. 6:6-16,Lk. 16:19-31,146,,,,,220,406,
Pentecost 19,ilcwa,Ezek. 18:25-32,Phil. 2:1-11,Mt. 21:28-32,25:1-10,,,,,220,53,
Nativity of St. John the Baptist,historic,Isaiah 40:1-5,,Luke 1:57-80,,,,,,,,
Lent 5,ilcwb,Jer. 31:31-34,Heb. 5:7-9,Jn. 12:20-33,51:10-15,,,,,303,236,
Lent 5,ilcwc,Is. 43:16-21,Phil. 3:8-14,Lk. 20:9-19,28:1-9,,,,,303,249,
Lent 5,historic,Gen. 12:1-3,Heb. 9:11-15,John 8:46-59,43,1 Co. 1:21-31,Matt. 10:32-42,,,,,
Lent 5,ilcwa,Ezek. 37:1-14,Rom. 8:11-19,Jn. 11:47-53,116:1-9,,,,,303,275,
Lent 4,ilcwb,Nm. 21:4-9,Eph. 2:4-10,Jn. 3:14-21,27:1-14,,,,,403,226,
Lent 4,ilcwc,Is. 12:1-6,1 Co. 1:18-31,Lk. 15:11-32,32,,,,,403,426,
Lent 4,historic,Is. 49:8-13,Gal. 4:21-31,John 6:1-15,125,Ps. 84:2-5,John 6:24-36,Ex. 16:11-18,John 6:52-65,,,
Lent 4,ilcwa,Hos. 5:15-6:2,Rom. 8:1-10,Mt. 20:17-28,138,,,,,403,333,
Easter,ilcwb,Is. 25:6-9,1 Co. 15:19-28,Mk. 16:1-8,118,,,,,343,359,
Easter,ilcwc,Ex. 15:1-11,1 Co. 15:1-11,Lk. 24:1-11,118,,,,,343,347,
Easter,historic,Is. 52:13-15,1 Cor. 5:6-8,Mark 16:1-8,118,1 Cor. 15:12-21,Luke 24:1-9,Eph. 1:15-23,Matt. 23:1-8,,,
Easter,ilcwa,Ac. 10:34-43,Col. 3:1-4,Jn. 20:1-18,118,,,,,343,356,
Christmas,ilcwb,Is. 52:7-10,Heb. 1:1-9,Jn. 1:1-14,2,,,,,128,161,
Christmas,ilcwc,Is. 52:7-10,Heb. 1:1-9,Jn. 1:1-14,2,,,,,128,161,
Christmas,historic,Is. 9:2-7,Heb. 1:1-12,John 1:1-14,98,,,,,,,
Christmas,ilcwa,Is. 52:7-10,Heb. 1:1-9,Jn. 1:1-14,2,,,,,128,161,
Lent 3,ilcwb,Ex. 20:1-17,1 Co. 1:22-25,Jn. 2:13-22,19:7-14,,,,,490,302,
Lent 3,ilcwc,Ex. 3:1-15,1 Co. 10:1-13,Lk. 13:1-9,126,,,,,490,214,
Lent 3,historic,2 Sam. 22:1-7,Eph. 5:1-9,Luke 11:14-28,123,Rev. 2:1-7,Luke 4:31-37,Rev. 2:8-11,Luke 8:31-37,,,
Lent 3,ilcwa,Is. 42:14-21,Eph. 5:8-14,Jn. 9:1-41,142,,,,,490,297,
Lent 2,ilcwb,Gn. 28:10-17,Rom. 5:1-11,Mk. 8:31-38,142,,,,,406,433,
Lent 2,ilcwc,Jer. 26:8-15,Phil. 3:17-4:1,Lk. 13:31-35,4,,,,,406,331,
Lent 2,historic,Is. 45:20-25,1 Thes. 4:1-7,Matt. 15:21-28,25,Is. 42:1-7,Luke 7:36-50,Rev. 3:7-13,Mark 9:17-29,,,
Lent 2,ilcwa,Gn. 12:1-8,"Rom. 4:1-5,13-17",Jn. 4:5-26,105:4-11,,,,,406,229,
Trinity 23,historic,Is. 32:1-8,Phil. 3:17-21,Matt. 22:15-22,"85, 115",1 Tim. 2:1-6,Mark 12:41-44,Rom. 13:1-7,Matt. 17:24-27,,,
Michaelmas 6,historic,Is. 32:1-8,Phil. 3:17-21,Matt. 22:15-22,"85, 115",1 Tim. 2:1-6,Mark 12:41-44,Rom. 13:1-7,Matt. 17:24-27,,,
Trinity 22,historic,Deut. 7:9-11,Phil 1:3-11,Matt. 18:23-35,147,Rom. 11:25-36,Matt. 18:15-22,2 Tim. 2:19-21,Mark 4:21-25,,,
Michaelmas 5,historic,Deut. 7:9-11,Phil 1:3-11,Matt. 18:23-35,147,Rom. 11:25-36,Matt. 18:15-22,2 Tim. 2:19-21,Mark 4:21-25,,,
Trinity 21,historic,Hos. 13:14,Eph. 6:10-17,John 4:46-54,119:1-8,Rom. 11:13-24,Matt. 16:1-4,Col. 1:24-2:3,Luke 18:1-8,,,
Michaelmas 4,historic,Hos. 13:14,Eph. 6:10-17,John 4:46-54,119:1-8,Rom. 11:13-24,Matt. 16:1-4,Col. 1:24-2:3,Luke 18:1-8,,,
Trinity 20,historic,Is. 65:1-2,Eph. 5:15-21,Matt. 22:1-14,115,Rom. 11:1-12,Matt. 13:44-50,Heb. 10:19-31,Matt. 21:33-44,,,
Michaelmas 3,historic,Is. 65:1-2,Eph. 5:15-21,Matt. 22:1-14,115,Rom. 11:1-12,Matt. 13:44-50,Heb. 10:19-31,Matt. 21:33-44,,,
"St. Simon and St. Jude, Apostles",historic,,1 Pet. 1:3-9,John 15:17-21,,,,,,,,
Tuesday of Holy Week,historic,,Jer. 11:18-20,John 12:24-43,12,,,,,,,
Trinity 24,historic,Is. 51:9-16,Col. 1:9-14,Matt. 9:18-26,"36, 56",1 Cor. 15:50-56,John 6:37-40,2 Cor. 5:1-10,Luke 20:27-40,,,
Michaelmas 7,historic,Is. 51:9-16,Col. 1:9-14,Matt. 9:18-26,"36, 56",1 Cor. 15:50-56,John 6:37-40,2 Cor. 5:1-10,Luke 20:27-40,,,
Lent 1,ilcwb,Gn. 22:1-18,Rom. 8:31-39,Mk. 1:12-15,6,,,,,250,281,
Lent 1,ilcwc,Dt. 26:5-10,Rom. 10:8b-13,Lk. 4:1-13,91,,,,,250,255,
Lent 1,historic,Gen. 3:1-24,2 Cor. 6:1-10,Matt. 4:1-11,91,1 Pet. 4:1-6,Matt. 16:21-23,Rev. 12:9-11,Luke 10:17-20,,,
Lent 1,ilcwa,Gn. 3:1-7,Rom. 5:12-19,Mt. 4:1-11,130,,,,,250,252,
Visitation,ilcwb,Is. 11:1-5,Rom. 12:9-16,Lk. 1:39-47,138,,,,,107,47,
Visitation,ilcwc,Is. 11:1-5,Rom. 12:9-16,Lk. 1:39-47,138,,,,,107,47,
Visitation,historic,Song of Solomon 2:8-14,Col. 3:12-17,Luke 1:39-47,113,,,,,,,
Visitation,ilcwa,Is. 11:1-5,Rom. 12:9-16,Lk. 1:39-47,138,,,,,107,47,
Transfiguration,ilcwb,2 Kg. 2:1-12c,2 Co. 3:12-4:2,Mk. 9:2-9,50:1-6,,,,,223,225,
Transfiguration,ilcwc,Dt. 34:1-12,2 Co. 4:3-6,Lk. 9:28-36,77,,,,,223,225,
Transfiguration,historic,Is. 61:10-11,2 Pet. 1:16-21,Matt. 17:1-9,84,,,,,,,
Transfiguration,ilcwa,Ex. 24:12-18,2 Pt. 1:16-19,Mt. 17:1-19,2:6-12,,,,,223,225,
Baptism of Jesus,ilcwb,Is. 42:1-7,Ac. 10:34-38,Mk. 1:4-11,45:7-9,,,,,247,248,
Baptism of Jesus,ilcwc,Is. 42:1-7,Ac. 10:34-38,Lk. 3:15-22,45:7-9,,,,,247,248,
Baptism of Jesus,historic,Is. 42:1-9,1 Pet. 3:18-22,Matt. 3:13-17,89,Eph. 5:25-27,Luke 18:31-43,Is. 53:1-7,John 1:29-34,,,
Baptism of Jesus,ilcwa,Is. 42:1-7,Ac. 10:34-38,Mt. 3:13-17,45:7-9,,,,,247,248,
Epiphany 1,historic,Is. 61:1-3,Rom. 12:1-5,Luke 2:41-52,100,Heb. 2:11-16,John 7:14-18,Eph. 6:1-4,Mark 10:13-16,,,
Epiphany 2,ilcwb,1 Sm. 3:1-10,1 Co. 6:12-20,Jn. 1:43-51,67,,,,,224,230,
Epiphany 2,ilcwc,Is. 62:1-5,1 Co. 12:1-11,Jn. 2:1-11,36:5-10,,,,,224,173,
Epiphany 2,historic,Deut. 18:15-19,Rom. 12:6-16,John 2:1-11,66,Eph 2:10-16,John 4:4-26,1 Cor. 1:26-31,Luke 19:1-10,,,
Epiphany 2,ilcwa,Is. 49:1-6,1 Co. 1:1-9,Jn. 1:29-41,92:1-5,,,,,224,235,
Epiphany 3,ilcwb,"Jon. 3:1-5, 10",1 Co. 7:29-31,Mk. 1:14-20,62:5-12,,,,,166,198,
Epiphany 3,ilcwc,Is. 61:1-6,1 Co. 12:12-27,Lk. 4:14-21,146,,,,,166,103,
Epiphany 3,historic,Jer. 33:6-9,Rom. 12:16-21,Matt. 8:1-13,97,Heb. 11:1-10,John 4:27-42,2 Cor. 1:3-11,Mark 1:21-35,,,
Epiphany 3,ilcwa,Is. 9:1-4,1 Co. 1:10-17,Mt. 4:12-23,27:1-9,,,,,166,153,
Epiphany 4,ilcwb,Dt. 18:15-20,1 Co. 8:1-13,Mk. 1:21-28,1,,,,,170,487,
Epiphany 4,ilcwc,Jer. 1:4-10,1 Co. 12:27-13:13,Lk. 4:21-32,36,,,,,170,207,
Epiphany 4,historic,Is. 43:1-3,Rom. 13:8-10,Matt. 8:23-27,102,Heb. 12:1-3,Matt. 21:18-22,2 Tim. 1:7-10,Matt. 14:22-33,,,
Epiphany 4,ilcwa,Mic. 6:1-8,1 Co. 1:26-31,Mt. 5:1-12,1,,,,,170,457,
Epiphany 5,ilcwb,Job 7:1-7,1 Co. 9:16-23,Mk. 1:29-39,147:1-12,,,,,72,172,
Epiphany 5,ilcwc,Is. 6:1-8,1 Co. 14:12b-20,Lk. 5:1-11,136,,,,,72,40,
Epiphany 5,historic,Jer. 17:5-10,Col. 3:12-17,Matt. 13:24-30,20,1 Cor. 1:10-18,Matt. 13:31-35,Eph 4:11-16,Mark 4:26-29,,,
Epiphany 5,ilcwa,Is. 58:5-9a,1 Co. 2:1-5,Mt. 5:13-20,119:17ff,,,,,72,199,
Epiphany 6,ilcwb,2 Kg. 5:1-14,1 Co. 9:24-27,Mk. 1:40-45,32,,,,,409,60,
Epiphany 6,ilcwc,Jer. 17:5-8,1 Co. 15:12-20,Lk. 6:17-26,1,,,,,409,397,
Epiphany 6,ilcwa,Dt. 30:15-20,1 Co. 2:6-13,Mt. 5:20-37,119:1ff,,,,,409,171,
Epiphany 7,ilcwb,Is. 43:18-25,2 Co. 1:18-22,Mk. 2:1-12,130,,,,,456,415,
Epiphany 7,ilcwc,Gn. 45:3-8a,1 Co. 15:35-50,Lk. 6:27-38,103:1-13,,,,,456,458,
Epiphany 7,ilcwa,"Lv. 19:1-2,17-18",1 Co. 3:10-23,Mt. 5:38-48,103:1-13,,,,,456,8,
"St. Peter and St. Paul, Apostles",historic,,Acts 12:1-11,Matt. 16:13-20,,,,,,,,
"St. Philip and St. James, Apostles",historic,,Eph. 2:19-20,John 14:1-14,,,,,,,,
St. Luke the Evangelist,historic,,2 Tim. 4:5-15,Luke 10:1-9,,,,,,,,
Septuagesima,historic,Jer. 1:4-10,1 Co 9:24-10:5,Matt. 20:1-16,18,1 Cor. 3:7-15,Matt. 19:27-30,Phil. 3:7-16,Matt. 25:14-30,,,
Pentecost 20,ilcwb,Gn. 2:18-24,Heb. 2:9-18,Mk. 10:2-16,119:49ff,,,,,253,426,
Pentecost 20,ilcwc,Hab. 2:1-4,2 Tm. 1:3-14,Lk. 17:1-10,62,,,,,253,374,
Pentecost 20,ilcwa,Is. 5:1-7,Phil. 3:12-21,Mt. 21:33-43,118:19-24,,,,,253,539,
Christmas 2,ilcwb,Is. 61:10-62:3,Eph. 1:3-6,Jn. 1:1-18,147:12-20,,,,,165,134,
Christmas 2,ilcwc,Is. 61:10-62:3,Eph. 1:3-6,Jn. 1:1-18,147:12-20,,,,,165,134,
Christmas 2,historic,Is. 42:1-9,1 Pet. 4:12-19,Matt. 2:13-23,106,,,,,,,
Christmas 2,ilcwa,Is. 61:10-62:3,Eph. 1:3-6,Jn. 1:1-18,147:12-20,,,,,165,134,
Christmas 1,ilcwb,Is. 45:22-25,Col. 3:12-17,Lk. 2:25-40,111,,,,,181,48,
Christmas 1,ilcwc,Jer. 31:10-13,Heb. 2:10-18,Lk. 2:41-52,111,,,,,181,164,
Christmas 1,historic,Is. 11:1-5,Gal. 4:1-7,Luke 2:33-40,93,Ps. 16:5-11,Luke 2:25-32,1 Pet. 2:4-10,Luke 1:68-75,,,
Christmas 1,ilcwa,Is. 63:7-9,Gal. 4:4-7,Mt. 2:13-23,111,,,,,181,164,
Easter 2,ilcwb,Acts 3:13-26,1 Jn. 5:1-6,Jn. 20:19-31,148,,,,,366,353,
Easter 2,ilcwc,Ac. 5:17-32,Rev. 1:4-18,Jn. 20:19-31,100,,,,,366,340,
Easter 2,historic,Job 19:25-27,1 Jn. 5:4-12,John 20:19-31,81,Acts 3:11-21,John 21:1-14,Acts 13:26-39,Luke 24:36-43,,,
Easter 2,ilcwa,Ac. 2:22-32,1 Pet. 1:3-9,Jn. 20:19-31,105:1-7,,,,,366,361,
Easter 3,ilcwb,Ac. 4:8-12,1 Jn. 1:1-2:2,Lk. 24:36-49,139:1-12,,,,,357,73,
Easter 3,ilcwc,Ac. 9:1-20,Rev. 5:11-14,Jn. 21:1-14,28:1-9,,,,,357,557,
Easter 3,historic,Ezek. 34:11-16,1 Pet. 2:21-25,John 10:11-16,33,1 Pet. 5:1-4,John 21:15-25,Heb. 13:20-21,John 10:1-10,,,
Easter 3,ilcwa,Ac. 2:36-47,1 Pet. 1:17-21,Lk. 24:13-35,16,,,,,357,563,
Easter 6,ilcwb,Ac. 11:19-30,1 Jn. 4:1-11,Jn. 15:9-17,98,,,,,378,440,
Easter 6,ilcwc,Ac. 14:8-18,Rev. 21:10-23,Jn. 14:23-29,67,,,,,378,539,
Easter 6,historic,Jer. 29:11-14,James 1:22-27,John 16:23-30,124,Heb. 7:18-25,John 17:18-23,Jam. 5:16-20,Matt. 6:5-13,,,
Easter 6,ilcwa,Ac. 17:22-31,1 Pet. 3:15-22,Jn. 14:15-21,98,,,,,378,241,
Easter 7,ilcwb,Ac. 1:15-26,1 Jn. 4:13-21,Jn. 17:11b-19,133,,,,,397,391,
Easter 7,ilcwc,Ac. 16:6-10,Rev. 22:12-20,Jn. 17:20-26,133,,,,,397,392,
Easter 7,historic,Ezek. 36:25-27,1 Pet. 4:7-11,John 15:26-16:4,27,Acts 1:12-14,Luke 11:5-13,1 Pet. 3:15-17,Luke 12:4-12,,,
Easter 7,ilcwa,Ac. 1:1-14,1 Pet. 4:12-5:11,Jn. 17:1-11,133,,,,,397,391,
Easter 4,ilcwb,Ac. 4:23-33,1 Jn. 3:1-2,Jn. 10:11-18,23,,,,,370,368,
Easter 4,ilcwc,Ac. 13:15-33,Rev. 7:9-17,Jn. 10:22-30,23,,,,,370,368,
Easter 4,historic,Lam. 3:18-26,1 Pet. 2:11-20,John 16:16-23,66,Heb. 4:14-16,John 17:1-8,1 Pet. 1:3-9,John 14:1-12,,,
Easter 4,ilcwa,Ac. 7:51-60,1 Pet. 2:19-25,Jn. 10:1-10,23,,,,,370,368,
Easter 5,ilcwb,Ac. 8:26-40,1 Jn. 3:18-24,Jn. 15:1-8,22:25-31,,,,,351,365,
Easter 5,ilcwc,Ac. 13:44-52,Rev. 21:1-5,Jn. 13:31-35,110,,,,,351,421,
Easter 5,historic,Is. 12:1-6,James 1:16-21,John 16:5-15,98,Heb. 5:1-10,John 17:9-17,1 Jn. 3:19-24,John 7:37-39,,,
Easter 5,ilcwa,Ac. 17:1-15,1 Pet. 2:4-10,Jn. 14:1-12,146,,,,,351,365,
Pentecost 23,ilcwb,Jer. 31:7-9,Heb. 5:1-10,Mk. 10:46-52,126,,,,,67,361,
Pentecost 23,ilcwc,Dt. 10:12-22,2 Tm. 4:6-18,Lk. 18:9-14,34,,,,,67,454,
Pentecost 23,ilcwa,Lv. 19:15-18,1 Thes. 1:5b-10,Mt. 22:34-46,1,,,,,67,458,
Pentecost 22,ilcwb,Is. 53:10-12,Heb. 4:9-16,Mk. 10:35-45,91:9-16,,,,,256,382,
Pentecost 22,ilcwc,Gn. 32:22-30,2 Tm. 3:14-4:5,Lk. 18:1-8a,121,,,,,256,387,
Pentecost 22,ilcwa,Is. 45:1-7,1 Thes. 1:1-5a,Mt. 22:15-21,96,,,,,256,381,
Pentecost 21,ilcwb,Amos 5:6-15,Heb. 3:1-6,Mk. 10:17-27,119:73ff,,,,,535,263,
Pentecost 21,ilcwc,Ruth 1:1-19a,2 Tm. 2:8-13,Lk. 17:11-19,111,,,,,535,494,
Pentecost 21,ilcwa,Is. 25:6-9,Phil. 4:4-13,Mt. 22:1-14,23,,,,,535,200,
Pentecost 24,ilcwb,Dt. 6:1-9,Heb. 7:23-28,Mk. 12:28-37,119:121ff,,,,,205,372,
Pentecost 24,ilcwc,Ex. 34:5-9,2 Thes. 1:1-12,Lk. 19:1-10,119:145ff,,,,,205,426,
Pentecost 24,ilcwa,Amos 5:18-24,1 Thes. 4:13-18,Mt. 23:37-39,84:1-7,,,,,205,552,
Pentecost 25,ilcwb,1 Kg. 17:8-16,Heb. 9:24-28,Mk. 12:41-44,107:33-43,,,,,18,444,
Pentecost 25,ilcwc,1 Ch. 29:10-13,2 Thes. 2:13-3:5,Lk. 20:27-38,148,,,,,18,590,
Pentecost 25,ilcwa,Hos. 11:1-9,1 Thes. 5:1-11,Mt. 24:3-14,90:13-17,,,,,18,194,
Easter second,ilcwb,Dan. 12:1c-3,1 Co. 5:6-8,Lk. 24:13-49,146,,,,,563,578,
Easter second,ilcwc,Dan. 12:1c-3,1 Co. 5:6-8,Lk. 24:13-49,146,,,,,563,578,
Easter second,historic,Hosea 13:14,1 Pet. 1:3-12,Matt. 28:1-8,2,,,,,,,
Easter second,ilcwa,Dan. 12:1c-3,1 Co. 5:6-8,Lk. 24:13-49,146,,,,,563,578,
